Query,Role,Table Sensitivity,Average Data Size,Frequency Score,Label
1,0.6,1.7,0.17182644036755784,0.27755024963845887,1
1,0.6,1.6,0.4024959247215672,0.40410664315706,1
1,0.5,1.4,0.9204609055117764,0.37712034803612676,1
1,1.0,1.7,0.4001738710667099,0.4608097147978305,1
1,0.5,1.7,0.2994029892832138,0.672070925145884,1
1,0.6,1.4,0.4254418983701365,0.1452190690441831,1
1,0.8,1.9,0.7097850954558347,0.22458190200999634,1
1,0.6,1.4,0.5920738218778142,0.38958675266532766,1
1,0.7,1.3,0.4590622570630383,0.10682127041275494,1
1,0.7,1.6,0.7684373882072892,0.8289923494773598,1
1,1.0,1.6,0.11980996797738985,0.2036052405733664,1
1,1.0,2.7,0.34031327697605,0.42506096767570195,2
1,0.6,1.6,0.3169270614514144,0.4833252473938983,1
1,0.7,1.7000000000000002,0.739891787627853,0.09440141896151467,1
1,0.8,1.3,0.7069952116331799,0.6244462110262409,1
1,0.5,1.6,0.6803002840668737,0.6525467279183937,1
1,0.8,1.3,0.03223910326663597,0.8920487920163217,1
1,0.5,3.1,0.4293875720923671,0.5551047186144541,2
1,0.7,3.1,0.0932855650061502,0.20705559529582496,2
1,1.0,1.6,0.7532184548624443,0.09688298804804292,1
1,0.8,3.1,0.8390774357206057,0.7829416445932298,2
1,0.5,3.1,0.872390713263793,0.39962493761133616,2
1,0.5,1.7,0.6041212854297924,0.6511549123033906,1
1,0.7,1.3,0.862377361943593,0.7724129532864461,1
1,0.5,3.1,0.1494478599988745,0.8144398822397398,2
1,0.8,1.4,0.08320867007669902,0.6179180521547926,1
1,0.7,1.7000000000000002,0.1261072861193165,0.21486668344562213,1
1,0.5,1.4,0.8089036087811777,0.14108861498105754,1
1,0.6,1.6,0.6603906582331216,0.28621047040579045,1
1,0.8,1.3,0.6347949841267647,0.8484516750048258,1
1,0.7,1.9,0.3496270233801187,0.39238073446386557,1
1,0.7,1.7000000000000002,0.12466676870477927,0.10853550121243938,1
1,1.0,2.2,0.7671593263114516,0.21033686810408808,1
1,0.8,1.6,0.14399643518536326,0.6799028513931529,1
1,0.8,3.1,0.6993721278463432,0.541370097296294,2
1,0.7,1.4,0.7865170434955308,0.032467208679497844,1
1,1.0,2.7,0.6426030832568229,0.43247764346701123,2
1,0.5,1.6,0.3104753810977688,0.07530846180578239,1
1,0.5,1.4,0.4174668557720843,0.06120200367049523,1
1,0.8,1.3,0.4811479275172648,0.22693735110222601,1
1,0.5,3.1,0.8288189113720315,0.9716532517973304,2
1,0.7,1.6,0.7301585964562524,0.28287204584779435,1
1,0.5,3.1,0.4996617537559866,0.16484708531989328,2
1,0.8,3.1,0.4786740675896429,0.08933737671546928,2
1,1.0,2.2,0.4560006035459089,0.48674382020873047,1
1,1.0,1.4,0.4637728726790111,0.7436580831341206,1
1,0.5,3.1,0.4436875828280084,0.018330160498714644,2
1,0.7,1.7,0.1343246573634713,0.7872027634528515,1
1,0.8,3.1,0.3373840403958643,0.7118578081372933,2
1,0.8,1.4,0.17384141654512444,0.1216167552323105,1
1,0.5,1.7,0.6028055855974247,0.8166046508449196,1
1,0.7,1.9,0.6043239906974832,0.15672438081153536,1
1,0.5,1.6,0.20216612916449733,0.0,1
1,0.6,1.4,0.583949198919824,0.23270717081704287,1
1,0.8,1.7,0.32014834898604483,0.282713148593338,1
1,0.7,1.7000000000000002,0.782809950820932,0.7737640021893789,1
1,1.0,2.7,0.3677038929047242,0.8797411439882542,2
1,0.5,1.4,0.952032056525864,0.31655218995161283,1
1,0.6,1.7,0.9298889440458888,0.9207173926722839,1
1,0.7,1.6,0.7576789577274805,0.8212304620970305,1
1,0.6,1.4,0.8528214270776733,0.660838561734604,1
1,0.7,1.7,0.37345868364407103,0.5617235734214032,1
1,0.7,3.1,0.6732224837629412,0.4695271204194752,2
1,1.0,2.2,0.4917142482072335,0.6422963058289431,1
1,0.8,1.4,0.4631574339448377,0.0322072253219207,1
1,0.7,1.7000000000000002,0.4214810368130782,0.26760080371588746,1
1,0.6,1.4,0.8550928070513173,0.35216212275392317,1
1,0.5,1.7,0.5399907154241501,0.6469360384612894,1
1,1.0,2.2,0.3833962503942929,0.29050177926583154,1
1,0.6,1.4,0.8515398349203549,0.9065332577569204,1
1,0.8,1.7000000000000002,0.12254108250295265,0.11873264938901623,1
1,0.8,1.9,0.6975335347324062,0.48716721600832197,1
1,0.6,3.1,0.4290986538374587,0.7139002359907893,2
1,0.5,1.7,0.6584002915980448,0.17647337809271163,1
1,0.5,1.7,0.933385878052655,0.45364665273193133,1
1,1.0,1.6,0.3469724283219052,0.26542935320705696,1
1,0.7,1.6,0.2121270609164329,0.2591145790829491,1
1,0.6,3.1,0.2382272603143301,0.7070474623600268,2
1,0.8,1.7,0.3333056460324081,0.6195822384736067,1
1,0.6,1.7,0.6848798714751655,0.49498190141978354,1
1,0.7,1.9,0.05405895634310507,0.7053073438943258,1
1,0.6,1.4,0.10926772981628867,0.34976014440124603,1
1,1.0,1.6,0.169210540525543,0.8484483331303809,1
1,0.8,1.7000000000000002,0.2502616254103016,0.20542640710456467,1
1,1.0,1.4,0.3527638164069247,0.27232160156853386,1
1,0.7,1.9,0.9733609944568594,0.7542301605276823,1
1,0.6,1.4,0.2374134060557573,0.693581041731151,1
1,0.5,1.4,0.9366089625780114,0.1028987645399938,1
1,0.7,1.3,0.5888524492772701,0.10203850797817994,1
1,0.6,1.7,0.9236756893358541,0.0667583434555421,1
1,0.8,1.9,0.12772657174206611,0.3311927384869916,1
1,1.0,1.6,0.632047140721303,0.5570586133762301,1
1,0.6,3.1,0.13112997878486898,0.4050116987856345,2
1,0.7,1.7,0.780695524194977,0.31359547825337436,1
1,0.6,1.7,0.35042208961771304,0.9508076434606842,1
1,0.7,1.7,0.16841352063160278,0.27207297308514133,1
1,0.6,1.6,0.6514104999456167,0.04989587502743669,1
1,1.0,1.4,0.6218548074389475,0.9223944077492914,1
1,1.0,1.6,0.16419357000038245,0.028490116188824615,1
1,0.5,1.4,0.37579198296977795,0.9325229279475761,1
1,0.6,1.7,0.18291176269916296,0.11728011152232722,1
1,0.6,3.1,0.4843653722273799,0.6792318283551285,2
1,0.8,3.1,0.013343262957710194,0.0329616373827928,2
1,0.6,1.7,0.93444112632825,0.11126973133361316,1
1,0.6,1.6,0.4951083734045065,0.833171603378389,1
1,0.7,3.1,0.5636813871824661,0.09970923719031476,2
1,0.6,1.4,0.1521900402493548,0.6379697717430313,1
1,0.5,1.6,0.7375402378259961,0.09056352001035524,1
1,0.6,1.4,0.8257845682570716,0.5747485264920662,1
1,0.6,1.6,0.8067243212183456,0.9114676120793364,1
1,0.6,1.4,0.9600825595190716,0.2352672518229762,1
1,0.7,1.4,0.9412695642263637,0.04948282913712405,1
1,1.0,1.6,0.7636591267571353,0.1033762662088199,1
1,0.7,1.3,0.8516852909026069,0.061086122873280864,1
1,0.6,1.4,0.2721452324463686,0.927907290657585,1
1,0.8,3.1,0.07242930621252695,0.4526450405499867,2
1,0.8,1.9,0.6187610665983645,0.5853031518571242,1
1,0.8,1.7,0.7634115110206549,0.6812363975379998,1
1,1.0,1.4,0.07789732889748865,0.5520911032184457,1
1,1.0,2.7,0.3685803462615769,0.2562701030609251,2
1,0.8,1.7000000000000002,0.5486301772796722,0.1627935699292796,1
1,0.5,1.7,0.7033013368724434,0.16258886668503222,1
1,0.8,3.1,0.4686441021382659,0.4593865113104663,2
1,0.5,1.7,0.2463159988400133,0.21581056764988105,1
1,0.7,1.9,0.6553480233493858,0.6868534492317102,1
1,0.5,3.1,0.4575763272323683,0.6782949481683772,2
1,0.5,1.4,0.9317210118083588,0.4701240350046241,1
1,0.8,1.9,0.10038879567223664,0.17537617949687082,1
1,0.6,3.1,0.3347300774414581,0.039578918003569254,2
1,0.6,1.6,0.08477544410216138,0.04922872270000866,1
1,0.6,1.7,0.15852566120010245,0.09459658537478417,1
1,1.0,2.7,0.3384745044592519,0.5020107059717471,2
1,0.7,1.7,0.9020770452798296,0.21742560125864652,1
1,0.6,1.6,0.3497773692118589,0.40709086463135175,1
1,0.6,1.4,0.8010207818102323,0.577720401480809,1
1,0.8,1.7,0.4394267956358154,0.4781830900209544,1
1,0.5,1.4,0.4124031104690353,0.9927238122665197,1
1,0.7,3.1,0.9483095055458536,0.029056179836999256,2
1,0.5,1.6,0.5105877999385007,0.9947523734547444,1
1,1.0,1.4,0.4973999130089117,0.030757998069109373,1
1,0.8,1.4,0.2385766381764736,0.9643758619190935,1
1,0.6,1.6,0.4841830904836625,0.9300277360892144,1
1,0.6,1.4,0.1942901943001908,0.8767070732742233,1
1,0.5,1.7,0.6014005201022042,0.23533488680788198,1
1,1.0,2.7,0.18153326222227611,0.8432559815361818,2
1,0.8,1.9,0.8848723549307191,0.4268836459854569,1
1,0.7,1.4,0.9626664476197252,0.22546218454901604,1
1,1.0,1.7,0.19838350117153247,0.9872052368763146,1
1,0.8,1.3,0.6222419597938291,0.2011615822792389,1
1,0.5,1.7,0.3491532885619068,0.4741435699167475,1
1,0.6,3.1,0.9417422421719698,0.024955193388513,2
1,0.7,1.9,0.9211536295381012,0.791996627801278,1
1,0.7,1.6,0.09789323780558072,0.8093860611819191,1
1,0.8,3.1,0.21268335313608067,0.013836943936214034,2
1,0.6,1.4,0.7291211898622751,0.9619007263522823,1
1,0.8,1.9,0.3698144539092921,0.10166883649969251,1
1,1.0,2.2,0.3407187404103118,0.18737886124968867,1
1,0.5,1.4,0.029909912739665333,0.7773063288069497,1
1,0.7,1.3,0.5127691621667241,0.6093820014703959,1
1,0.6,3.1,0.5268885852602844,0.6059109141987183,2
1,0.5,3.1,0.9282114372900891,0.6713391229569821,2
1,0.5,1.4,0.8425891145694543,0.12626871623773725,1
1,1.0,1.6,0.9337983362271371,0.8093665082495721,1
1,0.8,1.7000000000000002,0.8916989248974997,0.5105885367445168,1
1,0.8,1.7,0.4495377982062247,0.018197390269952412,1
1,0.5,1.4,0.21826409951901352,0.1452252302194501,1
1,0.7,1.3,0.2906607511259383,0.8850147835427677,1
1,0.5,1.7,0.011969461901208121,0.41499856060418605,1
1,0.5,1.4,0.653175999907352,0.09593022878226845,1
1,1.0,1.4,0.1737775493870555,0.9202805047795591,1
1,0.7,1.6,0.6966170826915686,0.9393420332732926,1
1,0.7,3.1,0.5492600896794233,0.3435635464755787,2
1,0.7,1.6,0.4497250754807219,0.923244651881184,1
1,1.0,2.2,0.9570614253027584,0.12471283876554659,1
1,1.0,2.2,0.8497342446576088,0.8525792850641242,1
1,0.6,1.4,0.8520460197683609,0.2932568939763779,1
1,0.6,1.4,0.46739291307912895,0.9560863443528405,1
1,0.5,1.6,0.7427516213763664,0.24047405609160644,1
1,0.8,1.9,0.7296235271362044,0.38373486971996235,1
1,0.5,1.4,0.3268284441525477,0.04781949335658271,1
1,0.7,1.7,0.3868877392061568,0.5164964729242307,1
1,1.0,2.2,0.25256531323399384,0.36435977024011995,1
1,0.5,1.4,0.016040863501621185,0.13706196158627834,1
1,0.6,3.1,0.6636637583756427,0.18173981577844137,2
1,0.5,3.1,0.9658338768338168,0.8974810525176609,2
1,0.6,3.1,0.3564721376031708,0.6589130910478016,2
1,0.8,1.4,0.8524179991217348,0.4062809556376361,1
1,0.8,3.1,0.0745256186099026,0.5532200960820755,2
1,0.8,1.7000000000000002,0.7088349940641949,0.42046409113398103,1
1,0.5,1.6,0.5728779903911345,0.9057921682171532,1
1,0.5,1.7,0.09640656060890802,0.9111779448141584,1
1,0.7,1.3,0.2315860108920579,0.10908142742059658,1
1,0.8,1.9,0.04411476504145792,0.5121381760933547,1
1,0.6,1.4,0.2990286390577165,0.23281305737798225,1
1,0.5,1.4,0.7879947863261547,0.7891998564214879,1
1,0.6,3.1,0.5888574780592973,0.4390669494556005,2
1,1.0,1.4,0.28242303386235185,0.8701780636023034,1
1,0.7,1.6,0.6474577570692688,0.7772347908291081,1
1,0.7,1.3,0.09574233505258054,0.01800529905696859,1
1,0.5,1.6,0.7406132973855324,0.5911177777649328,1
1,1.0,2.2,0.5867663298352674,0.8425187305829999,1
1,0.6,1.4,0.11216729706510706,0.6653950025326315,1
1,0.5,1.4,0.3258715524220116,0.36154675623357596,1
1,0.8,1.9,0.08076472192149838,0.4793099919927837,1
1,0.6,1.4,0.7306310209129737,0.2299947340913886,1
1,0.6,1.4,0.9206801714132752,0.3467972686804114,1
1,0.7,1.6,0.6419525553171614,0.6833541066280229,1
1,1.0,2.2,0.7945342972660299,0.6286121469171113,1
1,0.7,1.7,0.3270203785413249,0.08898372408481772,1
1,0.7,3.1,0.4748961744978861,0.955772819421488,2
1,0.8,1.7000000000000002,0.13208058553610744,0.4602360053630585,1
1,0.5,3.1,0.7959583008125263,0.6536184569443987,2
1,0.8,1.7,0.1380072515261878,0.4888487011590684,1
1,1.0,1.7,0.2661471554418173,0.04104423896816211,1
1,1.0,1.6,0.4247831650151476,0.23390997447130865,1
1,0.6,1.6,0.7025073184738778,0.2632596954261052,1
1,0.8,1.7,0.17638315342677746,0.7480539334624261,1
1,0.5,1.4,0.7066438271301531,0.963239296143101,1
1,0.6,1.7,0.0455297264388692,0.37443871330257933,1
1,0.7,1.7,0.7034907489320361,0.04308810174431286,1
1,0.5,3.1,0.4754680013424106,0.8936783118055014,2
1,1.0,2.2,0.7802258380696773,0.8376481693158104,1
1,1.0,1.4,0.1290662393073204,0.43254097880731074,1
1,1.0,2.2,0.9575133400231479,0.19024298008334015,1
1,0.6,1.4,0.6210164164192055,0.6880574960520187,1
1,0.5,1.4,0.4920168867140388,0.8197493959341495,1
1,0.6,1.6,0.6624034690481362,0.941499114555408,1
1,0.8,1.7000000000000002,0.7541845964189587,0.32517917540579655,1
1,1.0,1.7,0.16564823560634698,0.6208751742523184,1
1,0.7,1.4,0.3470061549729567,0.6338821185238908,1
1,0.7,1.6,0.6156791561784286,0.649677250791621,1
1,1.0,2.2,0.7550210379040998,0.8854081353796559,1
1,0.8,1.7000000000000002,0.6008808362682934,0.6237509410481609,1
1,0.6,1.4,0.06493558025464885,0.5868674292181959,1
1,0.7,1.7,0.8373016581255965,0.9055914262653507,1
1,1.0,1.4,0.4136022544106923,0.46512926996199183,1
1,1.0,2.2,0.9619552589071896,0.9363343635091564,1
1,1.0,2.2,0.668056749677325,0.11049894457247277,1
1,0.6,1.6,0.2557253836920771,0.6501554417129104,1
1,0.8,1.4,0.181132116724642,0.1483577568295361,1
1,0.6,1.7,0.2780135278357547,0.4130170461743602,1
1,1.0,2.2,0.3941699475393306,0.2586407891480956,1
1,1.0,1.4,0.8743957751571668,0.3034676008271303,1
1,0.8,1.3,0.6581260682854482,0.3401715161915848,1
1,0.6,1.4,0.4837763860917625,0.7148148350295535,1
1,0.5,1.6,0.18896599814144027,0.4587477035003307,1
1,1.0,2.2,0.35805534177251874,0.9716731634404813,1
1,0.8,1.4,0.9333165951030052,0.5851363127689825,1
1,0.6,1.4,0.4419010819757946,0.8716491095037189,1
1,0.6,1.4,0.26074156198902465,0.8864493441976004,1
1,0.7,1.6,0.05521776482828397,0.9208549433667967,1
1,0.5,3.1,0.3927718265598085,0.2399315847334144,2
1,0.5,1.4,0.6348551966670685,0.11252328084913372,1
1,0.6,3.1,0.3070421233462407,0.17946684853411016,2
1,0.7,3.1,0.6327333838627287,0.9899653322262117,2
1,0.6,1.6,0.7793715906914122,0.6345854555279068,1
1,1.0,1.4,0.8212341986780556,0.6402583947573064,1
1,1.0,1.6,0.0929440191764927,0.04794161459703235,1
1,0.5,1.6,0.041372154456708825,0.9797720459336727,1
1,0.6,1.4,0.22412654008921007,0.6482284411627316,1
1,0.6,1.4,0.9250127630075156,0.0745656699393927,1
1,1.0,2.7,0.3936278150112637,0.8319563417618023,2
1,0.7,1.9,0.8760488680355899,0.029924491355595443,1
1,0.5,1.4,0.8751194001187499,0.8709342874179206,1
1,0.6,3.1,0.26914418996046463,0.8708464119010523,2
1,0.8,3.1,0.8895737124026994,0.834902027255527,2
1,0.8,1.7000000000000002,0.3663602308720794,0.45745170363865234,1
1,0.8,1.7000000000000002,0.04780065573844433,0.23975620269741282,1
1,0.8,1.7000000000000002,0.3887358313181176,0.5517075052938152,1
1,1.0,2.2,0.6274773655663997,0.6243626850527364,1
1,0.6,1.7,0.7511079548038003,0.8124930079349232,1
1,0.7,1.9,0.3027463603361697,0.507776861530896,1
1,1.0,2.2,0.4760681204792236,0.6257971554990471,1
1,0.7,1.7000000000000002,0.4426764788021679,0.7182522121697058,1
1,0.6,1.7,0.3034322325198885,0.12670066713947678,1
1,0.5,3.1,0.26920520524190816,0.3391721097379214,2
1,0.6,1.6,0.4773475659542336,0.43618086521961347,1
1,0.5,1.4,0.8500074691791083,0.3699108043341052,1
1,0.8,1.4,0.7396786045156021,0.5610938922435315,1
1,0.8,1.6,0.4993663673007835,0.2723755236094874,1
1,0.7,3.1,0.9776836722163936,0.27027064223152003,2
1,0.7,1.9,0.7828488078426451,0.7613714270935802,1
1,0.6,1.4,0.9858999832889992,0.8203628724023884,1
1,0.5,3.1,0.2292443036940299,0.5870916025815867,2
1,0.8,3.1,0.07622506699128412,0.7494304908539439,2
1,1.0,1.6,0.8421574977771474,0.5788435759655975,1
1,1.0,1.7,0.2290000355667665,0.7066953324056727,1
1,0.8,3.1,0.917148429546551,0.5452250088027891,2
1,0.6,3.1,0.4885205068742922,0.3530893580610243,2
1,0.5,1.6,0.7781980982854928,0.21169683530532352,1
1,0.5,1.6,0.13662075670655138,0.3736546464639372,1
1,0.8,1.7,0.8750196756533372,0.5347035827996753,1
1,1.0,2.2,0.053617069558995034,0.4627049996815778,1
1,0.5,1.4,0.1106101210485522,0.26522813416132396,1
1,0.6,1.4,0.4642285966969785,0.16541759940936487,1
1,0.5,3.1,0.11455014281976858,0.839467166936097,2
1,0.6,1.4,0.6703655459966159,0.0806914253458185,1
1,1.0,2.7,0.3850350331521604,0.08712076504963419,2
1,0.7,1.3,0.8856457595937313,0.9877060663172976,1
1,0.5,3.1,0.1343683858569232,0.475341888888994,2
1,0.6,1.6,0.8421923093680304,0.9178694975587196,1
1,0.8,1.7,0.8086494442573756,0.7433608219585698,1
1,0.6,1.4,0.7250473818046691,0.3471197319028674,1
1,1.0,2.2,0.3521404820986845,0.11812197870953399,1
1,0.8,1.7000000000000002,0.6274256334420918,0.6634508296555764,1
1,0.5,3.1,0.6557818468365562,0.036123711996917225,2
1,0.6,1.4,0.4290514628419732,0.37669886445979156,1
1,0.7,1.6,0.2115279983527692,0.9208857178710832,1
1,0.6,1.6,0.7675471300263982,0.4187401763337598,1
1,0.6,1.4,0.9923854394884184,0.8814676483267037,1
1,0.8,1.7,0.07025186150829844,0.4139879135752019,1
1,1.0,1.7,0.6493007594661601,0.7919721454853285,1
1,0.8,1.9,0.5383240562529693,0.4891013520247366,1
1,0.5,1.4,0.3047315403495074,0.6176481494750082,1
1,0.8,1.6,0.8976188521829016,0.532609081002608,1
1,0.6,1.7,0.518369462139912,0.20984189413849594,1
1,0.7,3.1,0.6645775545521487,0.2852994164846552,2
1,0.8,1.9,0.05858992396629355,0.8037618655559898,1
1,1.0,2.7,0.4315308877071279,0.3953540736100122,2
1,0.6,1.4,0.08413198310787029,0.26912025666225503,1
1,0.5,3.1,0.5844633321781503,0.17261557887070325,2
1,0.8,1.4,0.9949180107486868,0.8154372484603724,1
1,0.6,1.7,0.5648826559233995,0.6617044218794473,1
1,0.7,1.6,0.2665463908625676,0.7900344825667488,1
1,0.8,1.6,0.8544574238001907,0.49950805969006623,1
1,0.7,1.7000000000000002,0.34493027624861405,0.1741975473413707,1
1,0.7,1.3,0.059432515608458275,0.007779808880343505,1
1,0.7,3.1,0.43431955285196056,0.722469239555464,2
1,0.7,1.7,0.18155257051324186,0.436315363652614,1
1,1.0,2.2,0.9147868961842534,0.5634312698909955,1
1,1.0,2.2,0.6094038277596416,0.33763737126067594,1
1,0.5,3.1,0.5725109332449008,0.43604577477781054,2
1,0.5,1.4,0.17990454043010842,0.12892404067723512,1
1,0.8,3.1,0.4619271375098154,0.500553008384035,2
1,0.5,3.1,0.5064990103432055,0.941668990526517,2
1,0.5,1.6,0.7398423315797782,0.2556306021258333,1
1,0.7,1.7000000000000002,0.3783697575038302,0.16613217739019936,1
1,0.7,1.3,0.3880608642709841,0.2397529865508395,1
1,0.7,1.7000000000000002,0.4359917522362211,0.2856026385382978,1
1,0.6,1.7,0.8596285030569772,0.3154145593169115,1
1,0.8,1.9,0.7756147369858838,0.5639638830738223,1
1,0.6,1.6,0.50704766421836,0.3955312034425212,1
1,1.0,1.7,0.8683923618970348,0.15776649362392992,1
1,1.0,1.6,0.4815051466338663,0.9480145646177921,1
1,1.0,2.7,0.7790057597388917,0.9515425709379657,2
1,1.0,1.4,0.2720310262937489,0.8563246735441713,1
1,0.6,3.1,0.5280670837212507,0.4149410259595394,2
1,0.7,3.1,0.9520680927468858,0.1382896691657691,2
1,0.8,1.9,0.5522967969366851,0.8593295689486238,1
1,0.5,1.4,0.9224163272456888,0.13095557799125257,1
1,0.6,1.7,0.01822027129923121,0.42829655974906145,1
1,0.5,1.6,0.6022766079722812,0.8265705086589521,1
1,0.6,1.6,0.8422510170515046,0.8698164201717201,1
1,1.0,2.2,0.6512124887420998,0.8357626662747878,1
1,0.8,3.1,0.7761819661565447,0.10139897926648055,2
1,0.8,1.7000000000000002,0.5593522562924564,0.2437694158923047,1
1,0.6,1.6,0.2148972003300541,0.1679487588602584,1
1,0.8,1.7000000000000002,0.4500401867847159,0.3855927930135367,1
1,0.8,1.6,0.12034249218664195,0.4121534637338147,1
1,0.5,1.7,0.1579664194649555,0.40024064493018197,1
1,0.7,1.3,0.4736694758398076,0.93741107750369,1
1,0.8,1.7000000000000002,0.3517092887306509,0.04840416983280024,1
1,0.8,1.6,0.6406894523421859,0.6559514154036442,1
1,0.6,1.4,0.9692069493383234,0.049021090052799726,1
1,0.7,1.9,0.16026979184609727,0.07839829414012447,1
1,0.6,1.6,0.628314500625281,0.07477388706132215,1
1,1.0,2.2,0.1564360860918739,0.07046807056087494,1
1,0.5,1.6,0.6734423420068466,0.6556955988750831,1
1,0.7,1.3,0.4965717101810307,0.7039295619369746,1
1,0.8,1.4,0.3203550661101405,0.2542596190046844,1
1,0.8,1.4,0.8266066087219407,0.6882466552737008,1
1,0.8,1.7,0.10237187179739443,0.6580025878163092,1
1,0.8,1.7000000000000002,0.9091983890435006,0.5482873452072619,1
1,0.7,3.1,0.7286670457592932,0.7479552617650702,2
1,0.6,1.4,0.6647742943822482,0.6288179619650485,1
1,0.7,1.7000000000000002,0.1891625588513268,0.5726751184314669,1
1,1.0,1.6,0.594369412862762,0.4364014933773143,1
1,0.7,1.9,0.4192134912893271,0.0361234470739916,1
1,0.8,1.4,0.4030893515979273,0.47599270022347406,1
1,0.8,3.1,0.9796339983967128,0.49484361992685594,2
1,0.7,3.1,0.32007926437388673,0.4486455587603586,2
1,0.7,1.7000000000000002,0.884872949380179,0.7815925822634786,1
1,0.7,1.3,0.5431022881760865,0.8061029657837313,1
1,0.7,1.3,0.7796081695713911,0.010840382152924736,1
1,0.7,1.3,0.5885639055609858,0.6016183750038514,1
1,0.7,3.1,0.6003565215072447,0.5295268474520535,2
1,1.0,1.7,0.5777407452032799,0.35450491986476335,1
1,0.5,3.1,0.08062738673775327,0.4029655388678771,2
1,0.5,1.6,0.17601480415179915,0.33711473612596293,1
1,0.8,1.6,0.2728272450926741,0.44678174324860365,1
1,0.5,1.4,0.2618069355003265,0.9178640449842166,1
1,0.5,1.4,0.8497594311415966,0.47275557288908254,1
1,0.6,1.4,0.5487235042137205,0.8345272203557403,1
1,0.7,1.4,0.6369359550862952,0.5607703462772186,1
1,0.6,3.1,0.9256814663346126,0.9850743379819649,2
1,0.5,1.7,0.7799996318180176,0.9166085940821763,1
1,0.6,1.7,0.7490866577310772,0.22426985140812733,1
1,0.8,1.9,0.31032296089185923,0.027908973981307098,1
1,0.8,1.9,0.28117555529388033,0.42674932620284844,1
1,0.8,3.1,0.13477107823943602,0.8944817392326369,2
1,0.5,1.7,0.4464962175555435,0.7154110748185918,1
1,0.6,1.6,0.4646794200946032,0.7493356175465566,1
1,0.5,3.1,0.7619279416259925,0.8805446393723005,2
1,1.0,2.2,0.2810192125993116,0.4900193013472081,1
1,0.6,1.6,0.3919300338593911,0.7598049837944114,1
1,0.8,1.7,0.30458862220911803,0.5720073618581762,1
1,1.0,2.2,0.18285406192881626,0.8097062031573413,1
1,0.6,3.1,0.10605830428307024,0.38720012505497664,2
1,0.5,1.4,0.23889799022024405,0.31503077951006137,1
1,0.6,1.4,0.8338887821406521,0.4688783660115471,1
1,0.6,3.1,0.3560312279753998,0.8206493155369514,2
1,0.8,1.3,0.8501476791957846,0.2940415940554559,1
1,0.6,1.4,0.14852674201191438,0.19357169265114652,1
1,1.0,2.2,0.9227970438590308,0.13192167525609313,1
1,0.6,3.1,0.9020450293293212,0.8790193483554075,2
1,0.6,1.7,0.7237130883993441,0.08323742744943212,1
1,0.7,1.7000000000000002,0.6272993152974211,0.36732201786289026,1
1,0.8,3.1,0.395994678506678,0.9758688632145569,2
1,0.5,1.4,0.9404136357989592,0.09877033737349032,1
1,0.8,1.3,0.3386088473209167,0.38485664040246537,1
1,1.0,2.7,0.4093878676956362,0.987799654805962,2
1,1.0,2.2,0.08174580734788743,0.3607360073714142,1
1,0.5,3.1,0.06263586839944489,0.9266772010251205,2
1,1.0,1.7,0.491472310906325,0.1672449296003587,1
1,0.7,1.7000000000000002,0.9279627159495759,0.4932939719949894,1
1,1.0,2.2,0.3167104282459222,0.2922717222622458,1
1,0.7,1.6,0.569073224759885,0.10160487630770117,1
1,0.7,1.9,0.5986649420185911,0.6887101417120602,1
1,0.5,1.7,0.3023338942244165,0.7193877109143941,1
1,0.8,1.3,0.5350163898213889,0.5814855590736955,1
1,0.6,1.6,0.2363840227330825,0.10296689736132897,1
1,1.0,2.2,0.12336626246839087,0.5670297015879585,1
1,0.6,3.1,0.3315539088397592,0.7816959641410692,2
1,1.0,1.4,0.6472519060887643,0.634830687616698,1
1,0.6,1.4,0.7841621569077242,0.8559206888190628,1
1,0.7,3.1,0.4455275820654014,0.3474015561862866,2
1,1.0,1.4,0.4889827291822744,0.6859289549357852,1
1,0.6,1.4,0.9638398587031616,0.18813873651012347,1
1,0.6,1.4,0.31870476724285124,0.9329832624453396,1
1,1.0,2.2,0.4332486884952839,0.731658482412745,1
1,0.8,1.3,0.5148824224742493,0.39409861680545233,1
1,0.8,3.1,0.6138450484945243,0.775808029954861,2
1,1.0,2.2,0.18163025856789364,0.9756982368913854,1
1,0.7,1.7000000000000002,0.5998740181267211,0.48814013306089044,1
1,0.5,1.6,0.11877525194096955,0.45544250056408575,1
1,0.7,1.3,0.22357728573366634,0.5189237263077048,1
1,0.7,1.6,0.039717288185881064,0.5860898162629806,1
1,0.8,1.4,0.7301764441034211,0.99746606341045,1
1,1.0,2.2,0.05572292576714077,0.11355080232013386,1
1,0.5,1.4,0.21773741359086848,0.5009004478803755,1
1,0.6,1.7,0.11687592583578847,0.7266954187349941,1
1,0.5,1.4,0.02942086918873899,0.3728656583553505,1
1,1.0,2.2,0.02715437875449621,0.2792444081609588,1
1,0.7,1.4,0.4824054411294176,0.954613382536553,1
1,1.0,2.2,0.3443943589732104,0.14253387604909534,1
1,0.5,1.6,0.1715890319269342,0.2684123870564857,1
1,0.7,1.6,0.7538728782802877,0.8093209277213007,1
1,0.6,1.7,0.471416748960163,0.28538291859656983,1
1,0.6,3.1,0.4364725304700315,0.3582949181170062,2
1,0.5,1.4,0.729557051082297,0.5271778443011712,1
1,1.0,2.7,0.5965370592006634,0.37729291746547255,2
1,0.6,1.6,0.8334775456537584,0.42700305401451677,1
1,0.7,1.7000000000000002,0.2890457786724012,0.1503287545449453,1
1,0.5,1.4,0.8015072350854492,0.4558286278460041,1
1,0.8,1.4,0.9406686229557618,0.2897607439812397,1
1,0.5,1.6,0.34690893216997737,0.8546859576914727,1
1,0.6,1.6,0.28974260086336423,0.3644023852890325,1
1,0.7,1.7000000000000002,0.6266115453757546,0.2600822608241857,1
1,0.8,3.1,0.7922068744987133,0.5775230304931227,2
1,0.8,3.1,0.8175801956563481,0.5237574361518735,2
1,0.5,1.6,0.2374150358375,0.05561551245419581,1
1,1.0,2.7,0.5052022226798907,0.6300118245957032,2
1,0.7,1.7,0.7235920906611033,0.5492051673810535,1
1,0.8,1.3,0.9057002193011954,0.8971546762009003,1
1,0.6,1.6,0.3116461793471222,0.4015786774012125,1
1,1.0,1.7,0.4989243445840805,0.6114657850067882,1
1,0.5,1.4,0.09692823313463632,0.7727819906416277,1
1,0.7,1.3,0.16625197513439435,0.4834155282689762,1
1,0.8,1.7,0.18019046940310854,0.5454394327100301,1
1,0.6,1.4,0.24095861435896085,0.21657165905969855,1
1,0.5,1.4,0.9385753250210056,0.34047103115244226,1
1,0.6,1.4,0.2310604865842497,0.003894223867161545,1
1,0.7,3.1,0.5574831479821667,0.7567101500993871,2
1,1.0,1.4,0.08765350337968045,0.8070413225661224,1
1,0.5,1.6,0.5516197409673863,0.39839037462314186,1
1,0.6,1.4,0.2032696107543548,0.23163051038077695,1
1,1.0,1.7,0.4100844986231972,0.28458401098928804,1
1,0.8,3.1,0.7208105216007209,0.9574937264778216,2
1,1.0,2.7,0.3630629581203441,0.8615646133018433,2
1,0.8,1.7,0.8149901432249397,0.8517470798277282,1
1,0.7,1.7000000000000002,0.2043751882242412,0.9416327407565834,1
1,0.6,1.4,0.0614594302417959,0.36811296679027433,1
1,0.7,1.7000000000000002,0.01657727354317346,0.5700829966477233,1
1,0.8,1.4,0.11269722744671055,0.8825193027361807,1
1,0.7,1.9,0.6856085050149453,0.35129510168077077,1
1,0.6,1.4,0.2329408556497761,0.8447196088765028,1
1,0.7,1.7000000000000002,0.7228592830830491,0.11873374691644034,1
1,0.7,3.1,0.7981715356312309,0.1298685021988345,2
1,0.5,3.1,0.9656215017635535,0.373534060286913,2
1,0.5,1.4,0.37058438318302095,0.13519021090739133,1
1,0.6,1.7,0.6638129937668703,0.8641248699139644,1
1,0.7,1.3,0.10117148312300728,0.5728942568355043,1
1,0.8,1.4,0.9678672692322028,0.3340914318638247,1
1,0.7,1.7000000000000002,0.7085696089321171,0.9605224099929491,1
1,0.6,3.1,0.6904622003721852,0.6552784709578013,2
1,0.5,3.1,0.9816123634529386,0.6478498969757367,2
1,0.7,1.7000000000000002,0.03849174055228413,0.25542181879519843,1
1,0.5,1.4,0.06647569566602253,0.6769606654143345,1
1,0.6,1.7,0.8248195293098846,0.9144142677180372,1
1,0.5,1.4,0.8870260410591526,0.21418279509367671,1
1,0.7,1.7,0.4144870878703388,0.5653203503421794,1
1,0.6,1.6,0.5987255738435109,0.3944545553725423,1
1,0.7,3.1,0.31146932466171146,0.19872364620679978,2
1,0.8,1.6,0.8694856426257798,0.09350272663205426,1
1,0.7,1.9,0.3270674201998288,0.4905429775927038,1
1,1.0,2.2,0.9245922591852616,0.6645537399862387,1
1,1.0,2.7,0.2604342995753073,0.08860726404584739,2
1,0.6,1.6,0.864543249424449,0.9065416194597006,1
1,0.7,1.9,0.08672980963203157,0.7205595150633226,1
1,0.6,1.4,0.3320873253103397,0.7321252614079561,1
1,1.0,2.2,0.6948660502098881,0.818988839987819,1
1,1.0,1.7,0.0940397114661281,0.29123225226053157,1
1,0.5,1.7,0.2516369702043469,0.14872122956756,1
1,0.6,1.4,0.27105950500079584,0.06099537915714198,1
1,0.6,1.7,0.6699258150549925,0.2542291825727981,1
1,1.0,1.6,0.14468863526617562,0.9222826667875941,1
1,0.5,1.7,0.5771478408822543,0.32041382754327424,1
1,0.6,1.4,0.20632064159908667,0.14998342438364182,1
1,0.7,1.3,0.0890544100749894,0.08479806403464052,1
1,0.6,1.4,0.9678480531270284,0.4453804852043043,1
1,1.0,1.6,0.047415518283158486,0.6287784021925356,1
1,1.0,1.7,0.18551579291976766,0.6280277633860768,1
1,0.5,1.7,0.473724442643419,0.9434400636154409,1
1,1.0,2.2,0.22391300883965728,0.6262497446326412,1
1,0.8,1.7000000000000002,0.3943254555318793,0.76785722767713,1
1,0.7,1.3,0.8494506112251305,0.5594563304491184,1
1,0.8,3.1,0.7911752898783568,0.09272663079953362,2
1,0.6,1.7,0.06482737450891081,0.7385538945706609,1
1,0.7,1.7000000000000002,0.4809410458640328,0.780334566854004,1
1,0.7,1.7,0.5228560242567915,0.30701337473670526,1
1,0.5,1.4,0.2454686810689767,0.3716925568744317,1
1,1.0,2.7,0.5528036403299958,0.9013863050494683,2
1,0.5,3.1,0.4714058162076262,0.4162087719806636,2
1,0.8,1.7,0.3633441942769722,0.15907113271658127,1
1,0.5,1.4,0.16207479354854404,0.804333264270087,1
1,0.6,1.4,0.7680638231938341,0.12777922167260516,1
1,1.0,2.2,0.4795192946827728,0.7844179931299146,1
1,0.5,3.1,0.8200722436881325,0.6635251608101808,2
1,0.7,1.7,0.1290807400471521,0.0863887963871882,1
1,1.0,1.7,0.8636693548117271,0.008425092284453045,1
1,0.8,1.4,0.10019223862123312,0.41043852344918463,1
1,1.0,1.4,0.4494947066854996,0.5271913275405503,1
1,0.7,1.3,0.8745042961442873,0.37664495403039183,1
1,0.6,1.4,0.6258296497792133,0.3503677509173624,1
1,0.8,1.9,0.7440869070884178,0.019039254171769864,1
1,0.8,1.3,0.16706456998099953,0.6870008771602074,1
1,1.0,2.2,0.7374504422476819,0.8113403881848591,1
1,0.7,1.7000000000000002,0.5974578437543805,0.12706049897603633,1
1,1.0,2.2,0.970646845892368,0.5481807761805704,1
1,0.7,1.3,0.914806265294028,0.047222009258624006,1
1,0.6,3.1,0.3390066791349142,0.2502540940178626,2
1,1.0,2.2,0.014164264625596546,1.0,1
1,0.6,1.7,0.4050682896377087,0.19503952339860653,1
1,0.5,1.4,0.4477640482340471,0.31228731211511607,1
1,0.5,1.4,0.07017395180185937,0.8964547691005124,1
1,0.6,1.6,0.2298732092417908,0.6001544232126739,1
1,0.6,3.1,0.3818633067034442,0.04852199021220999,2
1,1.0,2.2,0.9550085163117068,0.2047505940515951,1
1,0.8,1.7000000000000002,0.8780637067145268,0.8575071170179522,1
1,0.8,1.7000000000000002,0.24818786011014296,0.8053302941850236,1
1,0.7,1.4,0.7212395380560541,0.9109212278042547,1
1,0.6,1.7,0.4873177315387451,0.6209729852256367,1
1,0.8,1.4,0.8301614666398737,0.4801741414531382,1
1,0.6,1.6,0.3454052848685177,0.7104517448150159,1
1,0.7,1.7000000000000002,0.6744336669729026,0.919092372723648,1
1,0.6,1.6,0.3435451767089128,0.8087664776380785,1
1,0.5,1.4,0.06134674582522244,0.24641908912384292,1
1,1.0,1.7,0.3474698161772299,0.7783334195424998,1
1,0.8,1.7000000000000002,0.30400875806487,0.002541070962705094,1
1,1.0,2.2,0.39080317604162335,0.24381210875493442,1
1,1.0,2.2,0.21966591396048973,0.1899518234027481,1
1,0.8,1.4,0.607277232445432,0.007621523342924568,1
1,0.7,1.9,0.3964465439946757,0.054857809625763546,1
1,1.0,1.7,0.6975432807991552,0.5303261689363293,1
1,1.0,2.2,0.8529113779653107,0.06279742624376623,1
1,0.5,1.7,0.15343458430760087,0.248098760355354,1
1,0.5,1.4,0.450494376766188,0.8660461223711059,1
1,1.0,2.2,0.609036092403061,0.8064782953862328,1
1,1.0,1.7,0.662845244069953,0.9560973390563351,1
1,0.5,1.6,0.17999524591352564,0.4512732284766333,1
1,0.5,1.4,0.7452871000943144,0.45721402729450616,1
1,0.6,3.1,0.9229443525716372,0.29783567056798305,2
1,0.5,3.1,0.3713319538452273,0.2276129038270094,2
1,1.0,1.6,0.9363798247144696,0.6585366034986171,1
1,0.6,1.4,0.6937250259216791,0.7160875422313181,1
1,0.6,1.6,0.9142068971990116,0.4989140214002638,1
1,1.0,2.7,0.2992968125887419,0.7347777338546493,2
1,0.5,1.4,0.8731089694194871,0.9268182352189601,1
1,0.5,1.4,0.9144622386002141,0.28070702423143085,1
1,0.8,1.7,0.7341235859322109,0.2995555999826672,1
2,0.5,0.6,0.4286622473964965,0.8243882250523754,0
2,1.0,1.0,0.8990373100513167,0.6485296063927514,0
2,0.5,0.4,0.15795885987021746,0.21447256237310536,0
2,0.6,0.6,0.2312831644525301,0.4621006094434769,0
2,0.8,0.4,0.04042274216361113,0.7142204735270908,0
2,0.6,0.7,0.5534466750638415,0.2713789713945501,0
2,0.5,0.4,0.5697197015711275,0.45843331569819457,0
2,0.7,0.7,0.5099744307486046,0.4100011888367098,0
2,0.5,0.6,0.08001896980953002,0.09768720662918194,0
2,0.7,0.7,0.7459801931918542,0.9326945550527022,0
2,0.7,0.4,0.7381053011347093,0.6797120974427614,0
2,0.8,0.4,0.9411579201315272,0.9409176860642449,0
2,1.0,1.0,0.33869402334062704,0.399588399163391,0
2,1.0,0.7,0.6844585732616345,0.5802531239880968,0
2,1.0,0.5,0.3091728577446622,0.7496595239628902,0
2,0.7,0.4,0.22083879848487392,0.256579307922425,0
2,0.7,0.7,0.5590778339387023,0.02422991587818193,0
2,0.8,0.4,0.512389601939656,0.195086639580423,0
2,0.8,0.4,0.15032453958984132,0.5342818036469641,0
2,0.7,0.6,0.525902592474611,0.5177928231522024,0
2,0.5,0.6,0.9118751782786838,0.1084915573617678,0
2,0.5,0.6,0.6295423906207278,0.48768202416155826,0
2,0.7,0.6,0.18144836445097048,0.06603801692130544,0
2,0.7,0.5,0.9105479854734542,0.35663107298480146,0
2,0.6,0.6,0.0408356470095762,0.6070656978329392,0
2,0.8,1.0,0.06957878272085401,0.45569419881856704,0
2,0.7,0.6,0.7579748015042717,0.660109275496753,0
2,0.7,0.6,0.7926940195012834,0.024188216620069668,0
2,0.5,0.4,0.2191837202919691,0.28873455786171387,0
2,1.0,1.0,0.16559763441229325,0.38593078911627343,0
2,0.8,0.4,0.184150595028341,0.043245536565429364,0
2,0.8,1.0,0.3638496625555273,0.9012346179431927,0
2,0.8,0.4,0.2313978809321732,0.7638268488925687,0
2,0.8,0.4,0.7532604242859854,0.39383489159056007,0
2,0.8,0.4,0.13391686307961065,0.4395563831645346,0
2,1.0,0.7,0.19220692506149106,0.5127767694506594,0
2,0.5,0.4,0.16710723313024786,0.8466445980713766,0
2,1.0,0.5,0.42406860426656745,0.5154189446105887,0
2,1.0,0.7,0.7153371394887583,0.12206805977086597,0
2,0.8,1.0,0.6954476981516293,0.052008031393861516,0
2,0.5,0.4,0.015011973810643555,0.7665893240535891,0
2,1.0,0.8,0.7744723943810359,0.840832483076751,0
2,1.0,0.7,0.011528979345112256,0.6518584914518428,0
2,1.0,0.8,0.4797307879048683,0.09201101244815765,0
2,0.7,0.5,0.8823346396500403,0.9988287812256912,0
2,1.0,0.5,0.7168079836847507,0.6605274494908069,0
2,0.6,0.7,0.8332667586934889,0.5969438539552282,0
2,1.0,0.5,0.9709160726350268,0.6227106000056464,0
2,0.5,0.4,0.3810127184732521,0.10607144390646668,0
2,0.5,0.6,0.7190800950148497,0.8085010114325032,0
2,1.0,0.9,0.2578024685428667,0.5002261317515116,0
2,1.0,0.6,0.1929171263347861,0.19119078349360696,0
2,0.7,0.5,0.6441937486440293,0.4672545138413184,0
2,0.5,0.4,0.4142436909303861,0.38026832131112387,0
2,0.7,0.4,0.4860020318590195,0.7874274237327098,0
2,0.5,0.4,0.2653605004887703,0.4393923354203861,0
2,0.6,0.6,0.05453823442166514,0.6589265015624125,0
2,0.5,0.6,0.5902006382316088,0.1909850496154086,0
2,0.8,1.0,0.9014369227276908,0.49976966866068806,0
2,0.8,0.4,0.6501176325685332,0.43828332461089714,0
2,0.7,0.7,0.05657255722064719,0.24078655307125557,0
2,1.0,0.9,0.6721736611050669,0.05600248280914237,0
2,0.6,0.7,0.8514000116517227,0.2387241565701084,0
2,0.5,0.4,0.8811831504466926,0.7197237949055093,0
2,0.7,0.5,0.8121472542700738,0.065641117268777,0
2,0.5,0.4,0.7682834963965077,0.8024901143148266,0
2,1.0,1.0,0.062494918120921374,0.7065310515938367,0
2,0.5,0.4,0.6816064667402411,0.19312022016382782,0
2,0.8,1.0,0.5337885048322403,0.7919387154263211,0
2,1.0,1.0,0.804020196610058,0.9506758515119602,0
2,0.7,0.5,0.6062799463364761,0.7009815944297121,0
2,0.5,0.6,0.13055513669018046,0.6766222502552682,0
2,0.6,0.7,0.6898261118868393,0.5206793347071269,0
2,0.6,0.6,0.3546264070505625,0.08743317683581442,0
2,0.7,0.6,0.1461756602692619,0.7149220931109539,0
2,0.5,0.6,0.35244992804769204,0.3788187294175325,0
2,0.5,0.4,0.9350854668814506,0.3735966086638728,0
2,0.7,0.6,0.7264976497160941,0.6042270653994591,0
2,0.8,1.0,0.08401214448238657,0.34755457012093516,0
2,0.8,1.0,0.3209918968363565,0.6947532411957846,0
2,0.6,0.6,0.8525326976952041,0.2675596798693622,0
2,0.7,0.4,0.2502901465169647,0.4808651050234672,0
2,0.8,1.0,0.5867531787167082,0.15946304167439285,0
2,0.8,0.4,0.6319666153191622,0.9136281813896254,0
2,0.8,1.0,0.07955475692926282,0.6912130815179718,0
2,1.0,0.6,0.3753300308013336,0.0047576868848071855,0
2,0.7,0.7,0.7468274166785676,0.5385856795669819,0
2,1.0,0.7,0.5779224320619375,0.35633202299337985,0
2,0.6,0.6,0.9002506614155998,0.5978104674447388,0
2,0.7,0.4,0.11903640505674135,0.9160579196110057,0
2,1.0,0.5,0.4954727199640772,0.3070748252003132,0
2,0.5,0.6,0.4309741990520484,0.5323479887771919,0
2,0.5,0.4,0.7574432305923767,0.5400635156495179,0
2,0.7,0.6,0.5548134214170984,0.9014299221465422,0
2,0.5,0.6,0.5220882094807753,0.6054535888899308,0
2,0.6,0.6,0.3174822384851147,0.4819929999401278,0
2,0.5,0.6,0.8887394202506832,0.8709750474405986,0
2,0.6,0.6,0.7855022718391621,0.33051884589612696,0
2,0.8,1.0,0.897608597535024,0.40002731772314964,0
2,0.5,0.6,0.5174623038561329,0.3062315805989098,0
2,0.7,0.7,0.9054490491467873,0.8633752632916086,0
2,0.5,0.4,0.9474757323945896,0.7280016003257496,0
2,0.5,0.6,0.6912896663445696,0.9615719865281955,0
2,0.8,1.0,0.8855899288350231,0.7058708822106479,0
2,0.5,0.6,0.7637778202249347,0.06214383732962614,0
2,0.5,0.4,0.8769532738341307,0.3535507081951757,0
2,0.7,0.7,0.6506579867009811,0.6909740396762724,0
2,0.6,0.6,0.4261793625172922,0.9793280883305684,0
2,0.5,0.6,0.14545596787099752,0.3910450553468413,0
2,0.8,0.4,0.10845423049777148,0.2307800250307559,0
2,1.0,0.8,0.8575113336174877,0.38037341936334207,0
2,0.7,0.4,0.05141607772279872,0.8767454306731611,0
2,1.0,0.5,0.981103523320354,0.466364729444343,0
2,0.5,0.4,0.8303386792037305,0.9912155143286331,0
2,0.7,0.7,0.034196898979105,0.23666802871831333,0
2,0.6,0.6,0.7423690433083279,0.8570490357892949,0
2,0.7,0.4,0.7323684576246999,0.8317667318031755,0
2,0.5,0.6,0.619960719480322,0.7657386849869138,0
2,1.0,0.9,0.04832424537486155,0.13966436750056568,0
2,1.0,1.0,0.2724278577005533,0.49157382880097983,0
2,0.5,0.6,0.6762561683385988,0.055365768657360016,0
2,0.6,0.6,0.34388074561109044,0.85841339850254,0
2,0.5,0.6,0.2269772149707009,0.6600761747775941,0
2,0.6,0.7,0.5523305240276668,0.8803403549049854,0
2,0.7,0.6,0.5389436253832174,0.8908519943165482,0
2,0.5,0.6,0.246800384506922,0.14510539936988284,0
2,1.0,0.9,0.4512629879698359,0.6412051505085694,0
2,0.8,0.4,0.9122168620205297,0.2061977728401876,0
2,0.6,0.7,0.8981125239897458,0.6839399904040269,0
2,0.7,0.5,0.07414610340060299,0.021773649116889397,0
2,0.5,0.4,0.5763110433996718,0.7364853456932003,0
2,0.8,0.4,0.11767807638425247,0.5109421263278642,0
2,0.5,0.6,0.7951996239407723,0.005301828041702188,0
2,0.7,0.4,0.4768406369062569,0.716522704818466,0
2,0.5,0.6,0.6447686229383561,0.44796333133060245,0
2,1.0,1.0,0.8168399841221476,0.8502237365784115,0
2,0.8,0.4,0.4803589618103921,0.22906590459752765,0
2,0.8,1.0,0.2040390513494574,0.9748301839041155,0
2,0.5,0.4,0.8952618119214134,0.5595103741494235,0
2,0.5,0.4,0.9950248756218906,0.05658041119029098,0
2,0.7,0.4,0.17383523935782322,0.4041171018828609,0
2,1.0,0.5,0.8619035589764192,0.6969306916139654,0
2,1.0,0.5,0.6840240198343275,0.5673502217954788,0
2,0.8,0.4,0.7946080946955092,0.38352990187290337,0
2,0.7,0.7,0.2331928318950021,0.25112301509823015,0
2,0.7,0.7,0.8612026888343877,0.7860776752793317,0
2,1.0,0.5,0.6150345067060299,0.7533667620171511,0
2,0.8,0.4,0.7819346012592946,0.9655438370967001,0
2,0.8,1.0,0.6835584137278642,0.7240527470546916,0
2,1.0,0.7,0.8417541177861797,0.8049315929826799,0
2,0.7,0.4,0.8958437800310511,0.9770354679373584,0
2,1.0,0.5,0.5109555815593929,0.0735641354561037,0
2,0.8,1.0,0.6699697460163663,0.45246667961444786,0
2,0.5,0.4,0.5806033464935884,0.8462437186376227,0
2,0.6,0.7,0.20525807217823733,0.24715014673506241,0
2,1.0,1.0,0.8082800535016776,0.39031883522047806,0
2,0.6,0.6,0.8543034457306321,0.2725584435144714,0
2,0.6,0.7,0.3701243892493655,0.7328739083365927,0
2,0.5,0.6,0.2955112137911047,0.41252671835704113,0
2,0.5,0.6,0.6366413173869742,0.6639875833556281,0
2,0.7,0.5,0.0971531065314742,0.018487420562296394,0
2,1.0,0.8,0.8429017920119056,0.11899330931564818,0
2,1.0,0.6,0.3659614312955791,0.7682921861436695,0
2,0.6,0.6,0.9497064173083426,0.15178619808391258,0
2,0.5,0.4,0.7995389402442604,0.5342235528961414,0
2,0.8,1.0,0.4636095470558356,0.07678207102968139,0
2,0.7,0.5,0.13216316595762906,0.3361254520430945,0
2,0.7,0.4,0.4895836158298666,0.07490569054503927,0
2,0.8,0.4,0.20990102049373896,0.17604675811216125,0
2,0.5,0.4,0.06889537740485117,0.9223312870871379,0
2,0.8,0.4,0.9678020521367736,0.6561412231680009,0
2,0.5,0.4,0.9430953815594384,0.6724559816706093,0
2,0.8,1.0,0.37303153693865815,0.2647459896861999,0
2,0.6,0.7,0.5262480063906234,0.41568207595404605,0
2,0.5,0.6,0.8746832577037859,0.9482217835991381,0
2,1.0,0.9,0.10111715193386266,0.3752068018965295,0
2,0.6,0.7,0.8648321660087316,0.6088478420944028,0
2,0.8,0.4,0.8458181589451559,0.39385551098113497,0
2,0.5,0.6,0.8778247699183264,0.752762549459735,0
2,0.6,0.6,0.3627221179683562,0.7682437786719571,0
2,0.8,1.0,0.6161321210050069,0.6360868602670172,0
2,0.6,0.6,0.5145339918515347,0.28462102139734885,0
2,0.5,0.4,0.5919405892965371,0.27004388882583963,0
2,0.6,0.7,0.8439023310122046,0.7989256300703493,0
2,0.5,0.4,0.02281591289779299,0.930225934013244,0
2,0.7,0.5,0.4066307669641202,0.05161591027647291,0
2,0.5,0.6,0.7555467385667451,0.5864774951346781,0
2,0.5,0.6,0.06581760869881073,0.5185334180248611,0
2,1.0,0.5,0.5153583525431388,0.5391297367732605,0
2,0.8,1.0,0.2766184971320336,0.49180680524171183,0
2,0.8,0.4,0.9176780952727176,0.5868527484154213,0
2,0.5,0.4,0.3422741405842121,0.3792040073324818,0
2,1.0,0.8,0.059329924686993024,0.8255734442408238,0
2,0.5,0.4,0.365214295611883,0.08018894335221914,0
2,1.0,0.9,0.3434297794879914,0.7932809558207725,0
2,0.7,0.4,0.05620037305917052,0.9471426977897123,0
2,0.8,0.4,0.0947765593752709,0.9822560187620673,0
2,0.7,0.4,0.9660775120942888,0.3262176358446023,0
2,0.7,0.5,0.4822563877948622,0.10158433974118225,0
2,1.0,0.5,0.2698015639221387,0.8192456890124477,0
2,1.0,0.9,0.24129796097067024,0.45049603000521776,0
2,1.0,0.9,0.7614850100708459,0.86635092247342,0
2,0.5,0.4,0.1272688919467645,0.9076951834999655,0
2,0.6,0.7,0.34661499622225395,0.9417538389338148,0
2,0.6,0.7,0.8391784178458216,0.4480531844118378,0
2,0.7,0.4,0.6936658213376335,0.11729530241899164,0
2,0.7,0.4,0.05497676090939722,0.044792792227717655,0
2,0.6,0.7,0.6441632774710851,0.8849324533089702,0
2,1.0,0.5,0.3194601946466968,0.27776407861710306,0
2,1.0,1.0,0.8765425461700311,0.30072723291965847,0
2,0.8,0.4,0.6349048696659455,0.003791279807107071,0
2,0.6,0.7,0.09433925746013797,0.5177600032607832,0
2,1.0,0.5,0.013499808534611059,0.14454013676675476,0
2,0.7,0.4,0.14659016827791047,0.3511008377226085,0
2,0.7,0.4,0.2592603749425869,0.42107134128636114,0
2,0.6,0.7,0.7311635304638707,0.16445004934076635,0
2,0.5,0.6,0.5532296010213941,0.6887662473199215,0
2,0.6,0.7,0.5181520703783075,0.0895210788086659,0
2,0.7,0.4,0.7336563696766404,0.2841011728823664,0
2,0.8,0.4,0.2628055221564652,0.010219033550274285,0
2,0.6,0.7,0.3035855651231941,0.09734397594647583,0
2,0.7,0.4,0.3456865789970037,0.4039520140776193,0
2,0.6,0.7,0.9090909090909092,0.5293162298356253,0
2,0.5,0.4,0.9183486600938824,0.446793232386509,0
2,0.5,0.6,0.9289030009823036,0.27735293024608326,0
2,1.0,0.6,0.17893238609782267,0.00204733940779827,0
2,0.8,0.4,0.9604419238236376,0.571094565482712,0
2,0.7,0.4,0.2408516855478049,0.3355115708394104,0
2,0.7,0.4,0.94854493422072,0.020061334706000602,0
2,0.7,0.4,0.311261066871625,0.4333511421622837,0
2,0.8,0.4,0.5904175790693841,0.8587400105535529,0
2,0.5,0.4,0.34160914401531195,0.522065921214068,0
2,0.6,0.7,0.4925747684863361,0.6292148749422731,0
2,0.8,0.4,0.01679253434877629,0.2431294249486658,0
2,0.8,0.4,0.7843559002398233,0.626588170429442,0
2,0.5,0.6,0.13393306313055126,0.34052857181143126,0
2,1.0,0.9,0.3296164336158716,0.5722101079305122,0
2,1.0,0.6,0.7783044220226126,0.38380662943457744,0
2,1.0,0.5,0.1714390431348259,0.1924344175747903,0
2,0.5,0.4,0.05198347904368414,0.06802225984437617,0
2,1.0,0.7,0.24613858396149704,0.15682354069150528,0
2,0.6,0.7,0.3100617792396711,0.623137551170865,0
2,1.0,0.6,0.4874008022928949,0.8923603609270103,0
2,0.5,0.6,0.7329901585235251,0.9812763979075975,0
2,1.0,0.9,0.8925971383951853,0.30600518551107764,0
2,0.7,0.7,0.5003667890093977,0.17400040532116318,0
2,1.0,1.0,0.7331467590794027,0.7073596044299753,0
2,0.8,0.4,0.9562922802129404,0.08242630874424113,0
2,0.8,0.4,0.35172603036754113,0.2935495382069885,0
2,0.7,0.4,0.9465141116190112,0.2511433387694156,0
2,1.0,0.5,0.4820660880479181,0.32810450514605694,0
2,0.6,0.7,0.028628909632191,0.9912032787686336,0
2,0.5,0.4,0.5720009847707763,0.6846186340988555,0
2,0.7,0.7,0.022233261660116518,0.09046245753047208,0
2,0.7,0.7,0.1469955271800649,0.1009323795909384,0
2,1.0,1.0,0.8349120649078955,0.8800553922408274,0
2,0.7,0.4,0.12058358500405182,0.19092829338338138,0
2,0.6,0.7,0.8822864895244045,0.42765260635013436,0
2,0.7,0.4,0.5144495840583516,0.4325922275729719,0
2,0.7,0.7,0.1919537185019352,0.8179304413417076,0
2,0.8,0.4,0.5755025064590934,0.3581106581551082,0
2,0.5,0.6,0.43541140707383,0.02555588338686826,0
2,1.0,0.7,0.12650366413369973,0.5109250880903692,0
2,0.7,0.4,0.3387551220868764,0.5671251576919696,0
2,0.7,0.4,0.03690308444566679,0.8233515765124727,0
2,0.5,0.4,0.015202744372861081,0.6988391305967979,0
2,0.5,0.6,0.08657061395591617,0.9519062490517551,0
2,0.8,0.4,0.9670993304501716,0.9092668513257953,0
2,1.0,1.0,0.3273021501198408,0.24674552178429474,0
2,0.5,0.6,0.6634398858218205,0.09316154386151311,0
2,0.7,0.4,0.5418417222457994,0.3959715622204866,0
2,0.8,0.4,0.8263794772807246,0.01637710578276872,0
2,1.0,0.6,0.4270169472638608,0.7441821106119932,0
2,1.0,0.8,0.389929191193093,0.33824501159389875,0
2,1.0,0.5,0.6050209558075993,0.7668888862684693,0
2,0.8,0.4,0.958233732066271,0.7820449946723057,0
2,0.6,0.7,0.011954593778425122,0.03970659337533075,0
2,0.8,0.4,0.7381443136735241,0.5397225148150606,0
2,0.5,0.6,0.31832012141683336,0.2135440221200843,0
2,0.7,0.7,0.7712154526345699,0.994088137396164,0
2,0.8,0.4,0.5222154279557598,0.2219059993183438,0
2,0.5,0.4,0.2135823246386244,0.02056254299467555,0
2,0.8,0.4,0.010188776017392159,0.999249684346987,0
2,0.5,0.6,0.5528992876145512,0.26576210777685955,0
2,0.6,0.7,0.16682845496215612,0.13490209232391018,0
2,0.6,0.7,0.6002767579391735,0.47415341301851793,0
2,0.5,0.6,0.042362336328902704,0.5427744470761029,0
2,0.6,0.7,0.7986407292486895,0.31895458827045153,0
2,0.5,0.4,0.8872999744982184,0.942590981835688,0
2,0.6,0.7,0.20756014393592773,0.37931946522531584,0
2,0.5,0.4,0.7963508796406241,0.9811545675435103,0
2,0.7,0.7,0.7156109870728006,0.13515303669968784,0
2,0.8,0.4,0.6754578456751091,0.42018240926314515,0
2,0.8,0.4,0.5352975554305887,0.18240616250493957,0
2,1.0,1.0,0.8248762882366351,0.21367212887139278,0
2,1.0,1.0,0.7359181141402008,0.9406856898238268,0
2,0.7,0.4,0.13250079132651085,0.3963009749370062,0
2,1.0,0.6,0.9074269039739259,0.6362748322149686,0
2,0.5,0.6,0.21193411155472572,0.6010469782515684,0
2,0.7,0.4,0.14615390117354726,0.48288455680920095,0
